Diabetes_binary,Age,BMI,MentHlth,PhysHlth
0,7.7865589158785795,27.742521162548023,2.944404149684375,3.582415782651624
1,9.344798258998924,31.80273657352978,4.469695074667934,7.768416839682818
